icc,test,n_reject,false_positive_rate,ci_low,ci_high,alpha,reps,n_pixels,n_polygons,accuracy,icc_observed_median,icc_observed_min,icc_observed_max,seed
0.0,naive,200,0.05,0.0435,0.0572,0.05,4000,1829,30,0.9394,0.8006,0.6002,0.8176,0
0.0,clustered,210,0.0525,0.0458,0.0599,0.05,4000,1829,30,0.9394,0.8006,0.6002,0.8176,0
0.01,naive,498,0.1245,0.1144,0.1351,0.05,4000,1829,30,0.9394,0.8006,0.6002,0.8176,0
0.01,clustered,160,0.04,0.0341,0.0465,0.05,4000,1829,30,0.9394,0.8006,0.6002,0.8176,0
0.02,naive,827,0.2067,0.1943,0.2196,0.05,4000,1829,30,0.9394,0.8006,0.6002,0.8176,0
0.02,clustered,179,0.0447,0.0386,0.0516,0.05,4000,1829,30,0.9394,0.8006,0.6002,0.8176,0
0.05,naive,1456,0.364,0.3491,0.3791,0.05,4000,1829,30,0.9394,0.8006,0.6002,0.8176,0
0.05,clustered,168,0.042,0.036,0.0487,0.05,4000,1829,30,0.9394,0.8006,0.6002,0.8176,0
0.1,naive,2000,0.5,0.4844,0.5156,0.05,4000,1829,30,0.9394,0.8006,0.6002,0.8176,0
0.1,clustered,168,0.042,0.036,0.0487,0.05,4000,1829,30,0.9394,0.8006,0.6002,0.8176,0
0.2,naive,2475,0.6188,0.6035,0.6338,0.05,4000,1829,30,0.9394,0.8006,0.6002,0.8176,0
0.2,clustered,142,0.0355,0.03,0.0417,0.05,4000,1829,30,0.9394,0.8006,0.6002,0.8176,0
0.3,naive,2748,0.687,0.6724,0.7014,0.05,4000,1829,30,0.9394,0.8006,0.6002,0.8176,0
0.3,clustered,130,0.0325,0.0272,0.0385,0.05,4000,1829,30,0.9394,0.8006,0.6002,0.8176,0
0.4,naive,3005,0.7512,0.7375,0.7646,0.05,4000,1829,30,0.9394,0.8006,0.6002,0.8176,0
0.4,clustered,127,0.0318,0.0265,0.0377,0.05,4000,1829,30,0.9394,0.8006,0.6002,0.8176,0
0.5,naive,3058,0.7645,0.751,0.7776,0.05,4000,1829,30,0.9394,0.8006,0.6002,0.8176,0
0.5,clustered,91,0.0227,0.0184,0.0279,0.05,4000,1829,30,0.9394,0.8006,0.6002,0.8176,0
0.6,naive,3139,0.7847,0.7717,0.7974,0.05,4000,1829,30,0.9394,0.8006,0.6002,0.8176,0
0.6,clustered,87,0.0217,0.0175,0.0268,0.05,4000,1829,30,0.9394,0.8006,0.6002,0.8176,0
0.7,naive,3230,0.8075,0.7949,0.8196,0.05,4000,1829,30,0.9394,0.8006,0.6002,0.8176,0
0.7,clustered,75,0.0187,0.0148,0.0234,0.05,4000,1829,30,0.9394,0.8006,0.6002,0.8176,0
0.8,naive,3261,0.8153,0.8029,0.8272,0.05,4000,1829,30,0.9394,0.8006,0.6002,0.8176,0
0.8,clustered,63,0.0158,0.0121,0.0201,0.05,4000,1829,30,0.9394,0.8006,0.6002,0.8176,0
0.8006,naive,3301,0.8253,0.8131,0.8369,0.05,4000,1829,30,0.9394,0.8006,0.6002,0.8176,0
0.8006,clustered,55,0.0138,0.0104,0.0179,0.05,4000,1829,30,0.9394,0.8006,0.6002,0.8176,0
0.9,naive,3332,0.833,0.8211,0.8444,0.05,4000,1829,30,0.9394,0.8006,0.6002,0.8176,0
0.9,clustered,47,0.0118,0.0086,0.0156,0.05,4000,1829,30,0.9394,0.8006,0.6002,0.8176,0
