model,class_id,class,map_area,W_i,n_i,n_eff_i,UA,UA_SE,UA_CI_low,UA_CI_high,PA,PA_SE,PA_CI_low,PA_CI_high,area_estimate,area_SE,area_CI_low,area_CI_high,area_margin
CART,1,Water,7.661,0.028327857698828392,169,8.5,0.8994082840236687,0.11017529942604193,0.68346866516271,1.0,0.9662448786887871,0.22508855251017795,0.5250794224365856,1.0,7.131077241263816,1.8630979716687406,3.479472317123459,10.782682165404173,3.6516049241403574
CART,2,Built-up,102.0612,0.37738874170103964,424,9.9,0.9858490566037735,0.03962651043308011,0.9081825233219358,1.0,0.9773896143147335,0.01844888374533176,0.9412304666189169,1.0,102.94455380149861,4.485941070164004,94.1522708672081,111.73683673578913,8.792282934290515
CART,3,Forest/Vegetation,126.6409,0.4682763861182035,881,13.0,1.0,0.0,0.7719046276458016,0.9999999999999999,0.951793295574644,0.01949251239124153,0.9135886733196099,0.989997917829678,133.05504523809523,2.7249373683126277,127.71426613607512,138.39582434011533,5.3407791020201065
CART,4,Plantation,18.1614,0.06715488249725911,252,11.1,0.5952380952380952,0.15408632979589837,0.2932344383281734,0.897241752148017,1.0,0.0,0.7437153243043847,1.0,10.810357142857143,2.798423469955229,5.325547928253288,16.295166357461,5.484809214603855
CART,5,Swamp,15.916,0.05885213198466946,103,10.3,0.912621359223301,0.09269857579073605,0.7309354892553017,1.0,0.8803485546784501,0.20258313123277716,0.4832929135868555,1.0,16.499466576285187,4.068453075691088,8.525445075139444,24.47348807743093,7.974021501145743
SVM (RBF),1,Water,14.5324,0.05373603435875913,180,9.5,0.85,0.12231335554453646,0.610270228304466,1.0,1.0,0.0,0.7125488977520016,1.0,12.35254,1.7775066081154218,8.86869106581182,15.836388934188179,3.4838489341881784
SVM (RBF),2,Built-up,71.6777,0.26504055420693273,434,7.0,1.0,0.0,0.6456695649333126,1.0,0.9824137295868325,0.01651010563481714,0.9500545171616391,1.0,72.96080850798475,1.226154133834327,70.55759056617457,75.36402644979493,2.403217941810186
SVM (RBF),3,Forest/Vegetation,133.3422,0.4930555889373077,925,14.3,0.9978378378378379,0.012732195694578188,0.9728831928323487,1.0,0.9673305029409015,0.01910529035069158,0.9298848219393654,1.0,137.54750019360176,3.2029894737690143,131.2697561821536,143.82524420504993,6.277744011448168
SVM (RBF),4,Plantation,18.7393,0.06929176658081906,196,9.7,0.7551020408163265,0.14597912547509526,0.46898821239048627,1.0,0.9800318846604777,0.11529918580374916,0.7540496330383375,1.0,14.438391132928846,3.2195547834179683,8.128179711175974,20.748602554681717,6.3102114217528715
SVM (RBF),5,Swamp,32.1489,0.11887605591618117,94,32.1,0.9680851063829787,0.03150341021503763,0.9063395569713137,1.0,0.9390974006778727,0.048817660432777306,0.8434165444201231,1.0,33.14126016548463,1.9973722779168566,29.226482437048865,37.0560378939204,3.9147777284357663
Random Forest,1,Water,7.4155,0.02742007946295026,168,8.6,0.8988095238095238,0.10917103899575072,0.6848382192230347,1.0,0.9517679617985436,0.2429687557564925,0.4755579511473094,1.0,7.00288546298042,1.9620391392616736,3.1573594137695724,10.848411512191268,3.845526049210848
Random Forest,2,Built-up,83.5515,0.30894596038685035,433,9.9,0.9953810623556582,0.022790668836624707,0.9507121722522943,1.0,0.9684943107386526,0.032392031320282455,0.9050070959648056,1.0,85.87100606505363,3.4453775319690676,79.11819018925077,92.6238219408565,6.752815875802871
Random Forest,3,Forest/Vegetation,127.717,0.47225544990487744,882,14.4,0.9988662131519275,0.009188038319619401,0.9808579889568996,1.0,0.9459043823967976,0.02365262530518656,0.8995460886588112,0.992262676134784,134.8679618355013,3.570112398820067,127.87067011305406,141.8652535579485,6.99729172244723
Random Forest,4,Plantation,19.592,0.07244477066119905,239,8.9,0.6276150627615062,0.17209812158943794,0.29030894263921275,0.9649211828837998,1.0,0.0,0.6982945309381419,1.0,12.296234309623431,3.3717463981802682,5.687732804187457,18.904735815059404,6.608501505435974
Random Forest,5,Swamp,32.1645,0.11893373958412294,107,10.7,0.9158878504672897,0.08927088040616869,0.7409201400030166,1.0,0.9689716213850159,0.05020169772103415,0.8705781018890224,1.0,30.402412326841226,3.2737193228921653,23.98604035847973,36.81878429520272,6.416371968361496
XGBoost,1,Water,7.9791,0.029504086850896963,152,3.0,1.0,0.0,0.4385029682449546,1.0,0.9816230867543977,0.14618698595507623,0.6951018592739855,1.0,8.128476303854875,1.2105231298060433,5.755894566982326,10.501058040727424,2.3725817368725495
XGBoost,2,Built-up,96.0316,0.35509326450735007,459,9.7,0.9498910675381264,0.07405102890522007,0.8047537178657604,1.0,0.9946887115777839,0.010089429853304379,0.9749137924407641,1.0,91.70663945376548,7.171719651265168,77.65032723006759,105.76295167746336,14.056312223697887
XGBoost,3,Forest/Vegetation,131.7499,0.4871677873691256,882,14.4,0.9988662131519275,0.009188038319619401,0.9808579889568996,1.0,0.9392235349557738,0.026386053214238953,0.8875078209617081,0.9909392489498395,140.11629691790245,4.1175370109193,132.04607267148992,148.18652116431497,8.070224246412534
XGBoost,4,Plantation,22.8682,0.08455908046317029,239,8.9,0.6276150627615062,0.17209812158943794,0.29030894263921275,0.9649211828837998,1.0,0.0,0.6982945309381419,1.0,14.35242677824268,3.935574264131586,6.638842962062046,22.066010594423314,7.713583816180634
XGBoost,5,Swamp,11.8117,0.043675780809457165,97,7.4,0.9587628865979382,0.078687486154955,0.8045382477002323,1.0,0.701794498011638,0.30974925821826504,0.09469710766584116,1.0,16.13666054623453,7.171719651265168,2.0803483225366435,30.192972769932418,14.056312223697887
LightGBM,1,Water,8.9272,0.033009848746766844,155,12.3,0.9870967741935484,0.03357373292807949,0.9212934668279461,1.0,1.0,0.0,0.7620053612485274,1.0,8.812010322580642,0.2997194285955512,8.224571037066438,9.399449608094846,0.5874392855142047
LightGBM,2,Built-up,95.8723,0.3545042255135603,449,9.8,0.9710467706013363,0.05664744548285087,0.8600198176387523,1.0,0.9955691199496856,0.010111529915915862,0.9757508854858912,1.0,93.51082254321773,5.513287071259364,82.70497844711906,104.3166666393164,10.805844096098667
LightGBM,3,Forest/Vegetation,132.6985,0.4906753981005064,881,13.0,1.0,0.0,0.7719046276458016,0.9999999999999999,0.9416876534140509,0.025377650926924303,0.8919483715850498,0.991426935243052,140.91562050209205,3.7975515706168554,133.4725561942495,148.3586848099346,7.443064307842552
LightGBM,4,Plantation,22.0662,0.08159354830360098,239,8.9,0.6276150627615062,0.17209812158943794,0.29030894263921275,0.9649211828837998,1.0,0.0,0.6982945309381419,1.0,13.84907949790795,3.797551570616856,6.406015190065396,21.292143805750502,7.443064307842553
LightGBM,5,Swamp,10.8763,0.0402169793355655,105,5.8,0.9619047619047619,0.08729421467108307,0.7908112450907311,1.0,0.7834936352915907,0.31951861681640004,0.15724865394139254,1.0,13.352967134201624,5.521427901004707,2.53116730499781,24.17476696340544,10.821799829203814
MLP (deep),1,Water,9.9346,0.03673488253423581,165,9.2,0.9212121212121213,0.09424919899038411,0.7364870856192196,1.0,0.9840112726165915,0.12768632475501537,0.7337506747784762,1.0,9.300578351158647,1.5274070472071963,6.306915548899871,12.294241153417422,2.993662802258775
MLP (deep),2,Built-up,83.6992,0.30949210639678604,439,8.6,0.9931662870159453,0.029835705695473082,0.9346893783994815,1.0,0.9908142458277096,0.01795023811734719,0.955632425603791,1.0,83.89788907482041,2.9233268807198076,78.16827367357178,89.62750447606905,5.729615401248641
MLP (deep),3,Forest/Vegetation,131.4547,0.4860762348834587,884,14.4,0.998868778280543,0.009180020243364648,0.9808762692261996,1.0,0.9339059624564471,0.02890868124026513,0.8772459883849787,0.9905659365279155,140.59873356291885,4.51557438561678,131.7483703975984,149.4490967282393,8.850363165320472
MLP (deep),4,Plantation,25.3147,0.09360543261826539,237,8.9,0.6329113924050633,0.17188980628171724,0.2960135627833308,0.9698092220267959,1.0,0.0,0.6976399882310941,1.0,16.021962025316455,4.351338879079788,7.493494537791182,24.550429512841728,8.528467487525273
MLP (deep),5,Swamp,20.0373,0.07409134356725416,104,7.4,0.9615384615384616,0.07584717670640531,0.8128807268648619,1.0,0.9343057934926892,0.12093224685979934,0.6972829450779754,1.0,20.621336985785664,3.06961729665934,14.604997638012154,26.637676333559174,6.016339347773509
