poly_id,labelled_class,n_px,split,d_own,nearest_class,d_nearest,flagged_wrong_class,d_own_vs_class_median,rank_in_class,flagged_outlier,flagged
5,Water,4,train,5.92,Built-up,2.59,True,3.25,1,True,True
1,Water,6,val,5.87,Built-up,3.39,True,3.23,2,True,True
77,Forest/Vegetation,87,val,3.86,Forest/Vegetation,3.86,False,2.59,1,True,True
3,Water,19,train,3.38,Built-up,3.15,True,1.86,3,False,True
32,Built-up,24,val,3.21,Built-up,3.21,False,4.06,1,True,True
55,Forest/Vegetation,72,train,3.14,Forest/Vegetation,3.14,False,2.11,2,True,True
27,Built-up,70,val,2.25,Built-up,2.25,False,2.85,2,True,True
19,Built-up,72,train,1.87,Built-up,1.87,False,2.37,3,True,True
6,Water,97,train,3.37,Water,3.37,False,1.85,4,False,False
108,Plantation,16,train,2.78,Plantation,2.78,False,1.83,1,False,False
87,Swamp,27,train,2.78,Swamp,2.78,False,1.94,1,False,False
93,Plantation,32,val,2.65,Plantation,2.65,False,1.75,2,False,False
70,Forest/Vegetation,60,val,2.64,Forest/Vegetation,2.64,False,1.77,3,False,False
92,Plantation,33,train,2.61,Plantation,2.61,False,1.72,3,False,False
2,Water,107,train,2.45,Water,2.45,False,1.35,5,False,False
90,Swamp,25,val,2.44,Swamp,2.44,False,1.71,2,False,False
109,Plantation,56,train,2.27,Plantation,2.27,False,1.5,4,False,False
76,Forest/Vegetation,96,train,2.19,Forest/Vegetation,2.19,False,1.47,4,False,False
79,Forest/Vegetation,38,train,2.17,Forest/Vegetation,2.17,False,1.46,5,False,False
39,Forest/Vegetation,72,train,2.11,Forest/Vegetation,2.11,False,1.42,6,False,False
91,Swamp,34,train,2.02,Swamp,2.02,False,1.41,3,False,False
38,Forest/Vegetation,38,train,2.0,Forest/Vegetation,2.0,False,1.34,7,False,False
45,Forest/Vegetation,30,train,1.99,Forest/Vegetation,1.99,False,1.34,8,False,False
41,Forest/Vegetation,36,train,1.95,Forest/Vegetation,1.95,False,1.31,9,False,False
51,Forest/Vegetation,97,train,1.86,Forest/Vegetation,1.86,False,1.25,10,False,False
72,Forest/Vegetation,126,val,1.85,Forest/Vegetation,1.85,False,1.24,11,False,False
78,Forest/Vegetation,67,train,1.84,Forest/Vegetation,1.84,False,1.23,12,False,False
8,Water,13,val,1.82,Water,1.82,False,1.0,6,False,False
11,Water,134,val,1.82,Water,1.82,False,1.0,6,False,False
94,Plantation,30,train,1.79,Plantation,1.79,False,1.18,5,False,False
89,Swamp,15,train,1.76,Swamp,1.76,False,1.23,4,False,False
52,Forest/Vegetation,56,val,1.74,Forest/Vegetation,1.74,False,1.17,13,False,False
95,Plantation,30,val,1.72,Plantation,1.72,False,1.14,6,False,False
80,Forest/Vegetation,92,train,1.68,Forest/Vegetation,1.68,False,1.13,14,False,False
81,Forest/Vegetation,141,train,1.68,Forest/Vegetation,1.68,False,1.13,14,False,False
48,Forest/Vegetation,32,train,1.67,Forest/Vegetation,1.67,False,1.12,16,False,False
46,Forest/Vegetation,53,train,1.65,Forest/Vegetation,1.65,False,1.11,17,False,False
40,Forest/Vegetation,72,train,1.59,Forest/Vegetation,1.59,False,1.07,18,False,False
101,Plantation,78,train,1.59,Plantation,1.59,False,1.05,7,False,False
107,Plantation,18,val,1.59,Plantation,1.59,False,1.05,7,False,False
82,Forest/Vegetation,120,train,1.57,Forest/Vegetation,1.57,False,1.05,19,False,False
57,Forest/Vegetation,69,val,1.56,Forest/Vegetation,1.56,False,1.05,20,False,False
60,Forest/Vegetation,74,train,1.55,Forest/Vegetation,1.55,False,1.04,21,False,False
99,Plantation,30,val,1.55,Plantation,1.55,False,1.02,9,False,False
73,Forest/Vegetation,108,train,1.51,Forest/Vegetation,1.51,False,1.01,22,False,False
43,Forest/Vegetation,107,train,1.49,Forest/Vegetation,1.49,False,1.0,23,False,False
103,Plantation,40,val,1.48,Plantation,1.48,False,0.98,10,False,False
15,Built-up,63,train,1.44,Built-up,1.44,False,1.82,4,False,False
97,Plantation,49,train,1.44,Plantation,1.44,False,0.95,11,False,False
50,Forest/Vegetation,57,train,1.43,Forest/Vegetation,1.43,False,0.96,24,False,False
98,Plantation,32,train,1.43,Plantation,1.43,False,0.94,12,False,False
84,Swamp,65,train,1.43,Swamp,1.43,False,1.0,5,False,False
86,Swamp,101,train,1.41,Swamp,1.41,False,0.99,6,False,False
44,Forest/Vegetation,84,train,1.38,Forest/Vegetation,1.38,False,0.93,25,False,False
47,Forest/Vegetation,74,val,1.38,Forest/Vegetation,1.38,False,0.93,25,False,False
75,Forest/Vegetation,135,train,1.38,Forest/Vegetation,1.38,False,0.93,25,False,False
30,Built-up,72,train,1.33,Built-up,1.33,False,1.68,5,False,False
7,Water,80,train,1.32,Water,1.32,False,0.73,8,False,False
63,Forest/Vegetation,46,train,1.3,Forest/Vegetation,1.3,False,0.87,28,False,False
65,Forest/Vegetation,81,train,1.3,Forest/Vegetation,1.3,False,0.87,28,False,False
0,Water,77,train,1.28,Water,1.28,False,0.7,9,False,False
83,Swamp,51,train,1.26,Swamp,1.26,False,0.88,7,False,False
9,Water,93,train,1.22,Water,1.22,False,0.67,10,False,False
59,Forest/Vegetation,95,train,1.19,Forest/Vegetation,1.19,False,0.8,30,False,False
61,Forest/Vegetation,48,val,1.19,Forest/Vegetation,1.19,False,0.8,30,False,False
100,Plantation,107,train,1.19,Plantation,1.19,False,0.79,13,False,False
36,Built-up,40,train,1.17,Built-up,1.17,False,1.48,6,False,False
35,Built-up,45,train,1.16,Built-up,1.16,False,1.47,7,False,False
67,Forest/Vegetation,88,train,1.15,Forest/Vegetation,1.15,False,0.77,32,False,False
96,Plantation,77,train,1.15,Plantation,1.15,False,0.76,14,False,False
56,Forest/Vegetation,52,train,1.13,Forest/Vegetation,1.13,False,0.76,33,False,False
58,Forest/Vegetation,144,val,1.12,Forest/Vegetation,1.12,False,0.75,34,False,False
4,Water,74,train,1.11,Water,1.11,False,0.61,11,False,False
25,Built-up,147,train,1.1,Built-up,1.1,False,1.39,8,False,False
88,Swamp,91,val,1.1,Swamp,1.1,False,0.77,8,False,False
66,Forest/Vegetation,65,train,1.05,Forest/Vegetation,1.05,False,0.7,35,False,False
71,Forest/Vegetation,70,train,1.05,Forest/Vegetation,1.05,False,0.7,35,False,False
10,Water,51,train,1.02,Water,1.02,False,0.56,12,False,False
68,Forest/Vegetation,72,train,0.99,Forest/Vegetation,0.99,False,0.66,37,False,False
21,Built-up,80,train,0.95,Built-up,0.95,False,1.2,9,False,False
69,Forest/Vegetation,60,val,0.95,Forest/Vegetation,0.95,False,0.64,38,False,False
105,Plantation,72,train,0.95,Plantation,0.95,False,0.63,15,False,False
53,Forest/Vegetation,72,val,0.94,Forest/Vegetation,0.94,False,0.63,39,False,False
62,Forest/Vegetation,60,train,0.91,Forest/Vegetation,0.91,False,0.61,40,False,False
106,Plantation,54,train,0.91,Plantation,0.91,False,0.6,16,False,False
34,Built-up,28,train,0.9,Built-up,0.9,False,1.14,10,False,False
49,Forest/Vegetation,85,val,0.9,Forest/Vegetation,0.9,False,0.6,41,False,False
54,Forest/Vegetation,23,val,0.83,Forest/Vegetation,0.83,False,0.56,42,False,False
17,Built-up,27,train,0.82,Built-up,0.82,False,1.04,11,False,False
74,Forest/Vegetation,66,val,0.82,Forest/Vegetation,0.82,False,0.55,43,False,False
64,Forest/Vegetation,82,train,0.81,Forest/Vegetation,0.81,False,0.54,44,False,False
23,Built-up,70,train,0.8,Built-up,0.8,False,1.01,12,False,False
13,Built-up,28,val,0.79,Built-up,0.79,False,1.0,13,False,False
104,Plantation,103,train,0.75,Plantation,0.75,False,0.5,17,False,False
12,Water,949,train,0.74,Water,0.74,False,0.41,13,False,False
14,Built-up,56,train,0.73,Built-up,0.73,False,0.92,14,False,False
31,Built-up,104,train,0.73,Built-up,0.73,False,0.92,14,False,False
85,Swamp,85,train,0.71,Swamp,0.71,False,0.5,9,False,False
26,Built-up,226,train,0.7,Built-up,0.7,False,0.89,16,False,False
42,Forest/Vegetation,51,train,0.65,Forest/Vegetation,0.65,False,0.44,45,False,False
37,Built-up,58,train,0.59,Built-up,0.59,False,0.75,17,False,False
24,Built-up,24,val,0.52,Built-up,0.52,False,0.66,18,False,False
28,Built-up,78,train,0.5,Built-up,0.5,False,0.63,19,False,False
33,Built-up,86,val,0.5,Built-up,0.5,False,0.63,19,False,False
16,Built-up,131,val,0.47,Built-up,0.47,False,0.59,21,False,False
18,Built-up,101,train,0.46,Built-up,0.46,False,0.58,22,False,False
20,Built-up,140,train,0.37,Built-up,0.37,False,0.47,23,False,False
102,Plantation,68,train,0.32,Plantation,0.32,False,0.21,18,False,False
22,Built-up,77,val,0.28,Built-up,0.28,False,0.35,24,False,False
29,Built-up,170,train,0.22,Built-up,0.22,False,0.28,25,False,False
