point_id,map_class,map_class_name,row,col,x,y,reference_class,interpreter,confidence,notes,lon,lat
413,3,Forest/Vegetation,715,342,347655.0,2781975.0,,,,,121.48860503351102,25.146061099058766
290,3,Forest/Vegetation,2534,1351,357745.0,2763785.0,,,,,121.59056238762804,24.982824448729335
77,2,Built-up,989,763,351865.0,2779235.0,,,,,121.53065696766569,25.1217447683726
79,2,Built-up,1415,1040,354635.0,2774975.0,,,,,121.55857647810423,25.083554862246963
183,2,Built-up,1612,1021,354445.0,2773005.0,,,,,121.55690143474254,25.06575114783158
595,5,Swamp,943,442,348655.0,2779695.0,,,,,121.4987749372262,25.125578570784292
11,1,Water,1186,421,348445.0,2777265.0,,,,,121.49696082768253,25.103619830087016
132,2,Built-up,1629,1277,357005.0,2772835.0,,,,,121.58229392009844,25.06446085262619
444,3,Forest/Vegetation,2364,1119,355425.0,2765485.0,,,,,121.5674039432509,24.99795307260623
87,2,Built-up,2144,389,348125.0,2767685.0,,,,,121.49484525365379,25.01710048256593
71,1,Water,2107,335,347585.0,2768055.0,,,,,121.48945417395686,25.020386544466938
494,4,Plantation,1044,106,345295.0,2778685.0,,,,,121.46556957754193,25.11611931497617
515,4,Plantation,1108,519,349425.0,2778045.0,,,,,121.50659176326587,25.110759747849034
211,3,Forest/Vegetation,735,1233,356565.0,2781775.0,,,,,121.57699871769795,25.14513097049615
56,1,Water,2204,421,348445.0,2767085.0,,,,,121.49808165557005,25.01171577548317
403,3,Forest/Vegetation,1079,1134,355575.0,2778335.0,,,,,121.56754179101374,25.113979642532705
31,1,Water,1517,1185,356085.0,2773955.0,,,,,121.57305774762446,25.074485066928602
281,3,Forest/Vegetation,1971,1291,357145.0,2769415.0,,,,,121.58403637060904,25.033597442559238
110,2,Built-up,930,194,346175.0,2779825.0,,,,,121.47416751391857,25.12650099621081
594,5,Swamp,1533,1445,358685.0,2773795.0,,,,,121.59884749898413,25.073286106766073
3,1,Water,1879,741,351645.0,2770335.0,,,,,121.52943581102193,25.04137389408119
185,2,Built-up,1612,822,352455.0,2773005.0,,,,,121.53717670993146,25.065558089386304
601,5,Swamp,2012,1183,356065.0,2769005.0,,,,,121.5733769465311,25.02979349199092
205,2,Built-up,1445,1062,354855.0,2774675.0,,,,,121.56078910573724,25.080867594892023
193,2,Built-up,1555,1168,355915.0,2773575.0,,,,,121.57141239049461,25.071038144965776
138,2,Built-up,1160,1021,354445.0,2777525.0,,,,,121.55642274405191,25.106558201775638
320,3,Forest/Vegetation,2665,1289,357125.0,2762475.0,,,,,121.58455639828838,24.97093901337681
261,3,Forest/Vegetation,1108,967,353905.0,2778045.0,,,,,121.5510131700344,25.111200567359866
578,5,Swamp,1493,1154,355775.0,2774195.0,,,,,121.56995962793947,25.076622251458875
442,3,Forest/Vegetation,1071,1212,356355.0,2778415.0,,,,,121.57526783874103,25.114776430396514
73,1,Water,1617,778,352015.0,2772955.0,,,,,121.5328208694749,25.065063647614963
332,3,Forest/Vegetation,2177,1008,354315.0,2767355.0,,,,,121.5562103052477,25.014729500095342
447,3,Forest/Vegetation,1400,766,351895.0,2775125.0,,,,,121.53139775539917,25.084642694943295
520,4,Plantation,1508,1167,355905.0,2774045.0,,,,,121.5712640239058,25.075280436937035
212,3,Forest/Vegetation,1180,1307,357305.0,2777325.0,,,,,121.58480137773779,25.105025941213697
576,5,Swamp,2462,1297,357205.0,2764505.0,,,,,121.58513904020094,24.989274097770515
597,5,Swamp,2154,711,351345.0,2767585.0,,,,,121.52675937498854,25.016517275403356
363,3,Forest/Vegetation,1178,1267,356905.0,2777345.0,,,,,121.5808331942152,25.105168599158432
245,3,Forest/Vegetation,461,684,351075.0,2784515.0,,,,,121.52224911202988,25.169334203134465
302,3,Forest/Vegetation,1168,1387,358105.0,2777445.0,,,,,121.59272119793621,25.10618482188731
570,5,Swamp,1472,671,350945.0,2774405.0,,,,,121.52205813081264,25.078049032724813
468,4,Plantation,983,231,346545.0,2779295.0,,,,,121.4778959167911,25.121754028928244
30,1,Water,1897,361,347845.0,2770155.0,,,,,121.49179848056419,25.03937131981343
575,5,Swamp,1418,1365,357885.0,2774945.0,,,,,121.59079844245532,25.08359352072141
528,4,Plantation,925,586,350095.0,2779875.0,,,,,121.51303512824248,25.127347563961848
25,1,Water,1846,830,352535.0,2770665.0,,,,,121.53822030977585,25.04444021111612
209,3,Forest/Vegetation,364,1233,356565.0,2785485.0,,,,,121.57660995915323,25.178625209831573
82,2,Built-up,1846,592,350155.0,2770665.0,,,,,121.51463423596662,25.04420622807297
389,3,Forest/Vegetation,1885,408,348315.0,2770275.0,,,,,121.4964427690195,25.04050188092281
397,3,Forest/Vegetation,508,1001,354245.0,2784045.0,,,,,121.55374639853525,25.16540169196738
540,5,Swamp,1788,910,353335.0,2771245.0,,,,,121.54608670393709,25.049754326906704
177,2,Built-up,1150,190,346135.0,2777625.0,,,,,121.4740175431921,25.106635899315904
542,5,Swamp,2149,1198,356215.0,2767635.0,,,,,121.57500616709417,25.0174390409025
565,5,Swamp,1470,892,353155.0,2774425.0,,,,,121.543963429265,25.078446165739663
376,3,Forest/Vegetation,887,135,345585.0,2780255.0,,,,,121.46826837091531,25.130322545053655
362,3,Forest/Vegetation,939,101,345245.0,2779735.0,,,,,121.4649553507552,25.125593256350832
159,2,Built-up,2304,1157,355805.0,2766085.0,,,,,121.57110578283225,25.003406244618095
260,3,Forest/Vegetation,2246,1276,356995.0,2766665.0,,,,,121.58283508926421,25.00875546978375
239,3,Forest/Vegetation,2150,818,352415.0,2767625.0,,,,,121.53735656065803,25.016983083818815
146,2,Built-up,1739,1390,358135.0,2771735.0,,,,,121.5936078707943,25.05463627687273
517,4,Plantation,677,813,352365.0,2782355.0,,,,,121.53527912229379,25.1499610879566
197,2,Built-up,1454,1205,356285.0,2774585.0,,,,,121.574974451964,25.08019187682418
78,2,Built-up,1010,537,349605.0,2779025.0,,,,,121.50826912801467,25.1196250361663
64,1,Water,1097,141,345645.0,2778155.0,,,,,121.46909965739076,25.111370510767546
166,2,Built-up,1627,814,352375.0,2772855.0,,,,,121.53639985368534,25.06419606542321
541,5,Swamp,926,340,347635.0,2779865.0,,,,,121.48864121267249,25.127010480297564
111,2,Built-up,1701,1064,354875.0,2772115.0,,,,,121.56125744241811,25.057757460125817
566,5,Swamp,752,725,351485.0,2781605.0,,,,,121.52663201911075,25.143103561814577
496,4,Plantation,1137,209,346325.0,2777755.0,,,,,121.47588682205435,25.10782888355543
83,2,Built-up,1945,866,352895.0,2769675.0,,,,,121.54189367734281,25.035537452769734
278,3,Forest/Vegetation,512,1139,355625.0,2784005.0,,,,,121.56744026613765,25.165173693018364
306,3,Forest/Vegetation,729,620,350435.0,2781835.0,,,,,121.51619296120006,25.145076014519386
7,1,Water,1222,429,348525.0,2776905.0,,,,,121.49779371784491,25.100377841752774
119,2,Built-up,2127,846,352695.0,2767855.0,,,,,121.54010623257234,25.019086822343233
156,2,Built-up,1159,567,349905.0,2777535.0,,,,,121.5114069116724,25.10620338634798
232,3,Forest/Vegetation,2705,1182,356055.0,2762075.0,,,,,121.57400026153957,24.967226539179002
189,2,Built-up,1834,1278,357015.0,2770785.0,,,,,121.58260595998713,25.04595388865886
287,3,Forest/Vegetation,2694,1080,355035.0,2762185.0,,,,,121.56388653566837,24.968122544520735
105,2,Built-up,1354,641,350645.0,2775585.0,,,,,121.51895608058874,25.08867237826145
275,3,Forest/Vegetation,1345,950,353735.0,2775675.0,,,,,121.54957992958009,25.089787573228577
102,2,Built-up,2005,879,353025.0,2769075.0,,,,,121.54324588965163,25.030133217414864
464,4,Plantation,1449,1270,356935.0,2774635.0,,,,,121.58141284875535,25.080705028279507
136,2,Built-up,1861,1640,360635.0,2770515.0,,,,,121.61850958750242,25.043854236593038
440,3,Forest/Vegetation,1136,881,353045.0,2777765.0,,,,,121.54251574191605,25.108589130642628
368,3,Forest/Vegetation,116,1057,354805.0,2787965.0,,,,,121.55888533090895,25.200845628828066
74,1,Water,1918,1206,356295.0,2769945.0,,,,,121.57555804134387,25.038301906999287
40,1,Water,2458,1135,355585.0,2764545.0,,,,,121.56908727899182,24.98948175595179
317,3,Forest/Vegetation,1994,1707,361305.0,2769185.0,,,,,121.6252834884953,25.03190802276087
288,3,Forest/Vegetation,2074,1538,359615.0,2768385.0,,,,,121.60861789012456,25.02452944121589
262,3,Forest/Vegetation,1300,1380,358035.0,2776125.0,,,,,121.59216357161603,25.094260966909722
178,2,Built-up,1848,944,353675.0,2770645.0,,,,,121.54952006965993,25.044370398812845
473,4,Plantation,1368,734,351575.0,2775445.0,,,,,121.52819091861583,25.08750021853903
478,4,Plantation,1151,218,346415.0,2777615.0,,,,,121.47679483409412,25.106574168114243
61,1,Water,1895,920,353435.0,2770175.0,,,,,121.54719162087683,25.040103935901552
319,3,Forest/Vegetation,286,1135,355585.0,2786265.0,,,,,121.56680485716565,25.18557322584594
495,4,Plantation,1280,528,349515.0,2776325.0,,,,,121.50767264124815,25.09524076421989
282,3,Forest/Vegetation,185,924,353475.0,2787275.0,,,,,121.54576193110927,25.194487148637357
593,5,Swamp,763,360,347835.0,2781495.0,,,,,121.49044360668798,25.141745978319502
12,1,Water,1135,426,348495.0,2777775.0,,,,,121.49740028736606,25.108229054720383
602,5,Swamp,1517,1335,357585.0,2773955.0,,,,,121.58792692399179,25.07462728559284
84,2,Built-up,1507,840,352635.0,2774055.0,,,,,121.53884836036131,25.075055119837675
91,2,Built-up,2012,366,347895.0,2769005.0,,,,,121.4924208742524,25.028994252359784
210,3,Forest/Vegetation,709,847,352705.0,2782035.0,,,,,121.53868588207561,25.14710545799883
311,3,Forest/Vegetation,945,515,349385.0,2779675.0,,,,,121.50601621849347,25.125471172394942
361,3,Forest/Vegetation,717,361,347845.0,2781955.0,,,,,121.49049170287806,25.14589976291553
80,2,Built-up,1906,1196,356195.0,2770065.0,,,,,121.57455453280454,25.039375790851796
292,3,Forest/Vegetation,771,874,352975.0,2781415.0,,,,,121.54143039718838,25.14153451207404
533,5,Swamp,1203,513,349365.0,2777095.0,,,,,121.50610107396123,25.1021772685408
291,3,Forest/Vegetation,1560,1299,357225.0,2773525.0,,,,,121.58440294874322,25.070711147750604
182,2,Built-up,1769,1364,357875.0,2771435.0,,,,,121.59106191914005,25.05190336366656
554,5,Swamp,2342,1035,354585.0,2765705.0,,,,,121.55905927145885,24.999858901759172
248,3,Forest/Vegetation,1972,1682,361055.0,2769405.0,,,,,121.62278392587703,25.033871338172908
149,2,Built-up,1812,1176,355995.0,2771005.0,,,,,121.57247428123748,25.047843291229622
551,5,Swamp,959,188,346115.0,2779535.0,,,,,121.4736050615473,25.123876829387957
164,2,Built-up,1036,980,354035.0,2778765.0,,,,,121.55222561737466,25.117713361661483
375,3,Forest/Vegetation,953,631,350545.0,2779595.0,,,,,121.51752818067524,25.124864464517294
269,3,Forest/Vegetation,989,1462,358855.0,2779235.0,,,,,121.59997364506498,25.122415774683613
250,3,Forest/Vegetation,2472,1393,358165.0,2764405.0,,,,,121.59465904556083,24.988461390761127
365,3,Forest/Vegetation,2539,1426,358495.0,2763735.0,,,,,121.59799661661928,24.98244320770665
452,3,Forest/Vegetation,2203,942,353655.0,2767095.0,,,,,121.54969869922398,25.01231852741927
465,4,Plantation,881,136,345595.0,2780315.0,,,,,121.46836078214089,25.13086523174228
236,3,Forest/Vegetation,764,769,351925.0,2781485.0,,,,,121.5310089454433,25.142063555400195
10,1,Water,1494,730,351535.0,2774185.0,,,,,121.52793045026078,25.07612100572797
228,3,Forest/Vegetation,663,1331,357545.0,2782495.0,,,,,121.5866439569171,25.151724310209428
354,3,Forest/Vegetation,2135,1296,357195.0,2767775.0,,,,,121.58470170346843,25.018795763547914
430,3,Forest/Vegetation,698,313,347365.0,2782145.0,,,,,121.48570983364979,25.147566435067635
133,2,Built-up,799,432,348555.0,2781135.0,,,,,121.4976242215236,25.138568572919063
355,3,Forest/Vegetation,916,1280,357035.0,2779965.0,,,,,121.58184919156591,25.128834740485296
300,3,Forest/Vegetation,1173,947,353705.0,2777395.0,,,,,121.5490993192407,25.105312937727028
592,5,Swamp,1927,793,352165.0,2769855.0,,,,,121.5346404625226,25.03709133987876
235,3,Forest/Vegetation,1336,894,353175.0,2775765.0,,,,,121.54401855024433,25.09054571258362
85,2,Built-up,1814,517,349405.0,2770985.0,,,,,121.50716672468508,25.047020664996563
196,2,Built-up,1924,922,353455.0,2769885.0,,,,,121.54742066119513,25.03748771636622
522,4,Plantation,589,1335,357585.0,2783235.0,,,,,121.5869637555342,25.158408923956298
141,2,Built-up,1018,717,351405.0,2778945.0,,,,,121.5261268543623,25.11908137059661
458,4,Plantation,1268,766,351895.0,2776445.0,,,,,121.53125547871254,25.09655965750955
369,3,Forest/Vegetation,110,1051,354745.0,2788025.0,,,,,121.55828357717172,25.20138150376004
76,2,Built-up,1032,435,348585.0,2778805.0,,,,,121.498179014575,25.117536770042356
93,2,Built-up,1516,734,351575.0,2773965.0,,,,,121.52835070181432,25.074138776428782
345,3,Forest/Vegetation,2048,1875,362985.0,2768645.0,,,,,121.64198526340978,25.027185711644474
69,1,Water,1528,1051,354745.0,2773845.0,,,,,121.55978633085697,25.073363664287776
16,1,Water,1976,1330,357535.0,2769365.0,,,,,121.58790624989891,25.033182805895855
154,2,Built-up,1460,1233,356565.0,2774525.0,,,,,121.57775641362811,25.079676815101895
333,3,Forest/Vegetation,1004,1354,357775.0,2779085.0,,,,,121.58927916247517,25.120959986747614
89,2,Built-up,1978,653,350765.0,2769345.0,,,,,121.52082233882972,25.03234956557479
503,4,Plantation,1573,884,353075.0,2773395.0,,,,,121.54328043001327,25.069139469759882
118,2,Built-up,1213,803,352265.0,2776995.0,,,,,121.53486462768541,25.101561342357595
544,5,Swamp,941,313,347365.0,2779715.0,,,,,121.48598042540283,25.125628981830705
410,3,Forest/Vegetation,1455,1305,357285.0,2774575.0,,,,,121.58488872946094,25.080196464502293
34,1,Water,1910,1221,356445.0,2770025.0,,,,,121.57703618417766,25.039038411442117
1,1,Water,2410,1063,354865.0,2765025.0,,,,,121.56190461139226,24.993746547118338
599,5,Swamp,2567,1165,355885.0,2763455.0,,,,,121.57217272625554,24.979669467440573
543,5,Swamp,2400,1050,354735.0,2765125.0,,,,,121.56060628678235,24.99463691575461
435,3,Forest/Vegetation,596,454,348775.0,2783165.0,,,,,121.49958199403791,25.156917124853756
335,3,Forest/Vegetation,719,1204,356275.0,2781935.0,,,,,121.5741055806101,25.146547803974688
297,3,Forest/Vegetation,2655,1119,355425.0,2762575.0,,,,,121.56770839495293,24.971680790528957
246,3,Forest/Vegetation,2226,1070,354935.0,2766865.0,,,,,121.56240470993612,25.010365200858132
23,1,Water,1133,422,348455.0,2777795.0,,,,,121.49700147439138,25.108405591510493
446,3,Forest/Vegetation,1427,1291,357145.0,2774855.0,,,,,121.58347177773794,25.082711124481012
117,2,Built-up,1550,737,351605.0,2773625.0,,,,,121.52868476089708,25.071072200489795
90,2,Built-up,951,471,348945.0,2779615.0,,,,,121.50165954553631,25.124885449091938
353,3,Forest/Vegetation,1318,1318,357415.0,2775945.0,,,,,121.58603532118019,25.092577417493764
213,3,Forest/Vegetation,953,969,353925.0,2779595.0,,,,,121.55104646045913,25.125195980166517
19,1,Water,1457,927,353505.0,2774555.0,,,,,121.54741910948978,25.07965381877973
500,4,Plantation,889,191,346145.0,2780235.0,,,,,121.47382401916626,25.130199297089803
323,3,Forest/Vegetation,2129,1490,359135.0,2767835.0,,,,,121.60391781055908,25.01951923481552
145,2,Built-up,1482,1101,355245.0,2774305.0,,,,,121.56469421547078,25.077564628014958
285,3,Forest/Vegetation,2129,1141,355645.0,2767835.0,,,,,121.56933758853953,25.01919044540276
276,3,Forest/Vegetation,2055,1733,361565.0,2768575.0,,,,,121.6279212274826,25.026424478221394
546,5,Swamp,1651,1058,354815.0,2772615.0,,,,,121.56061001751418,25.062265775168658
364,3,Forest/Vegetation,2085,1461,358845.0,2768275.0,,,,,121.60099932547196,25.02346469974988
342,3,Forest/Vegetation,1973,1289,357125.0,2769395.0,,,,,121.58384025376454,25.033414988178997
562,5,Swamp,1131,1054,354775.0,2777815.0,,,,,121.55966410353588,25.109208169572376
560,5,Swamp,1357,1315,357385.0,2775555.0,,,,,121.58577837248147,25.089053576820007
405,3,Forest/Vegetation,2317,1055,354785.0,2765955.0,,,,,121.56101431623182,25.002135141380535
168,2,Built-up,996,572,349955.0,2779165.0,,,,,121.51172445366727,25.120923830349827
55,1,Water,1923,1165,355885.0,2769895.0,,,,,121.571500237648,25.03781148452104
434,3,Forest/Vegetation,1967,1752,361755.0,2769455.0,,,,,121.62971570667882,25.034386893556064
47,1,Water,1099,111,345345.0,2778135.0,,,,,121.46612733765538,25.111159209570964
94,2,Built-up,1452,1227,356505.0,2774605.0,,,,,121.5771532728368,25.0803933689482
266,3,Forest/Vegetation,2150,1406,358295.0,2767625.0,,,,,121.59561629526539,25.017544881432606
109,2,Built-up,787,376,347995.0,2781255.0,,,,,121.49205707648737,25.139595475143995
564,5,Swamp,495,1199,356225.0,2784175.0,,,,,121.57337443986235,25.166765950468978
605,5,Swamp,1041,652,350755.0,2778715.0,,,,,121.51970639609422,25.116940714934337
571,5,Swamp,2180,913,353365.0,2767325.0,,,,,121.54680104014292,25.01436694914457
445,3,Forest/Vegetation,1343,1541,359645.0,2775695.0,,,,,121.60816978236923,25.090529442276342
305,3,Forest/Vegetation,638,1092,355155.0,2782745.0,,,,,121.56291116389203,25.153753160463005
384,3,Forest/Vegetation,2531,1330,357535.0,2763815.0,,,,,121.5884791494129,24.983075583038474
219,3,Forest/Vegetation,516,739,351625.0,2783965.0,,,,,121.52776485059873,25.16442323785154
399,3,Forest/Vegetation,690,358,347815.0,2782225.0,,,,,121.4901641647311,25.148334226158703
347,3,Forest/Vegetation,544,570,349935.0,2783685.0,,,,,121.51103115280037,25.1617277581671
258,3,Forest/Vegetation,399,1106,355295.0,2785135.0,,,,,121.56404714505021,25.175343656056583
545,5,Swamp,2141,344,347675.0,2767715.0,,,,,121.49038344271271,25.017326110776988
70,1,Water,1408,498,349215.0,2775045.0,,,,,121.50483885710985,25.08365510377253
272,3,Forest/Vegetation,2083,2071,364945.0,2768295.0,,,,,121.66144173759459,25.02420190911064
408,3,Forest/Vegetation,644,839,352625.0,2782685.0,,,,,121.53782246865624,25.15296579791614
372,3,Forest/Vegetation,2143,1232,356555.0,2767695.0,,,,,121.5783687082864,25.018012991537415
590,5,Swamp,2573,1103,355265.0,2763395.0,,,,,121.56603783853558,24.979068724688396
200,2,Built-up,860,413,348365.0,2780525.0,,,,,121.49580736104772,25.13304249126188
486,4,Plantation,2072,491,349145.0,2768405.0,,,,,121.50487247363381,25.023702607586273
150,2,Built-up,1689,1588,360115.0,2772235.0,,,,,121.61318140733341,25.059335020679494
125,2,Built-up,2061,821,352445.0,2768515.0,,,,,121.53755858247206,25.02502102766462
433,3,Forest/Vegetation,845,637,350605.0,2780675.0,,,,,121.5180055065588,25.134620547716434
471,4,Plantation,1518,923,353465.0,2773945.0,,,,,121.54708759213588,25.074142806594516
186,2,Built-up,1969,624,350475.0,2769435.0,,,,,121.51793893058222,25.033133453199653
229,3,Forest/Vegetation,1289,1378,358015.0,2776235.0,,,,,121.59195391404313,25.095252190905086
519,4,Plantation,1133,487,349105.0,2777795.0,,,,,121.503446327664,25.10847078568109
249,3,Forest/Vegetation,1216,1109,355325.0,2776965.0,,,,,121.56520719617725,25.101587147615806
265,3,Forest/Vegetation,432,864,352875.0,2784805.0,,,,,121.54007433211366,25.17212951815053
251,3,Forest/Vegetation,1117,1225,356485.0,2777955.0,,,,,121.57660502166301,25.110635862561356
588,5,Swamp,828,1492,359155.0,2780845.0,,,,,121.60278328849128,25.13697931071209
370,3,Forest/Vegetation,450,951,353745.0,2784625.0,,,,,121.54872441436207,25.17058937392392
557,5,Swamp,1538,687,351105.0,2773745.0,,,,,121.5237156391457,25.072106347435867
582,5,Swamp,995,269,346925.0,2779175.0,,,,,121.48167744045374,25.120709349810276
115,2,Built-up,1847,1015,354385.0,2770655.0,,,,,121.55655528258039,25.044529222012766
204,2,Built-up,799,317,347405.0,2781135.0,,,,,121.48621904103855,25.138452461611376
142,2,Built-up,1904,1031,354545.0,2770085.0,,,,,121.5582011074472,25.039398565758606
341,3,Forest/Vegetation,1852,1480,359035.0,2770605.0,,,,,121.60264367838255,25.044518472142258
8,1,Water,1754,1164,355875.0,2771585.0,,,,,121.57122430406314,25.053068218227562
526,4,Plantation,584,788,352115.0,2783285.0,,,,,121.53269902429939,25.158332516003785
20,1,Water,1724,821,352445.0,2771885.0,,,,,121.53719766901729,25.055445683107056
173,2,Built-up,1083,548,349715.0,2778295.0,,,,,121.50943985021854,25.113045657285728
457,4,Plantation,967,271,346945.0,2779455.0,,,,,121.48184452113115,25.123239154077837
57,1,Water,1182,78,345015.0,2777305.0,,,,,121.4629490177469,25.103632330361126
303,3,Forest/Vegetation,269,1132,355555.0,2786435.0,,,,,121.5664892439198,25.187105106389534
339,3,Forest/Vegetation,767,889,353125.0,2781455.0,,,,,121.54291381275844,25.141910273578883
539,5,Swamp,1985,1561,359845.0,2769275.0,,,,,121.61080645404064,25.032586027154924
371,3,Forest/Vegetation,1021,1212,356355.0,2778915.0,,,,,121.57521549442298,25.11929050306288
313,3,Forest/Vegetation,1010,390,348135.0,2779025.0,,,,,121.49369252150923,25.119477610665133
50,1,Water,1547,1412,358355.0,2773655.0,,,,,121.59559070880547,25.071991229547077
404,3,Forest/Vegetation,1965,1372,357955.0,2769475.0,,,,,121.59205690284757,25.034215414379698
26,1,Water,1647,1207,356305.0,2772655.0,,,,,121.57537434342863,25.06276935302874
448,3,Forest/Vegetation,568,672,350955.0,2783445.0,,,,,121.52117521282062,25.159662491100537
221,3,Forest/Vegetation,415,719,351425.0,2784975.0,,,,,121.52567122332891,25.17352165479611
350,3,Forest/Vegetation,856,983,354065.0,2780565.0,,,,,121.55233156872102,25.133966746350712
299,3,Forest/Vegetation,1263,1563,359865.0,2776495.0,,,,,121.61026929994901,25.097772538129853
43,1,Water,1646,743,351665.0,2772665.0,,,,,121.52938299988692,25.06241119292561
421,3,Forest/Vegetation,1288,1048,354715.0,2776245.0,,,,,121.55923527884289,25.095028272078757
547,5,Swamp,836,464,348875.0,2780765.0,,,,,121.50083864402625,25.135260432535638
412,3,Forest/Vegetation,2679,1101,355245.0,2762335.0,,,,,121.56595071269143,24.969496837071105
279,3,Forest/Vegetation,209,1145,355685.0,2787035.0,,,,,121.56771572773118,25.19253441622488
382,3,Forest/Vegetation,2649,1381,358045.0,2762635.0,,,,,121.59365211904534,24.972469920352225
401,3,Forest/Vegetation,1358,1173,355965.0,2775545.0,,,,,121.57170162747825,25.088828422986396
416,3,Forest/Vegetation,581,1083,355065.0,2783315.0,,,,,121.56195811046614,25.158890479258197
155,2,Built-up,1420,894,353175.0,2774925.0,,,,,121.5441082892549,25.082962143789967
127,2,Built-up,1884,1332,357555.0,2770285.0,,,,,121.58800933715023,25.04149071827109
312,3,Forest/Vegetation,2565,1433,358565.0,2763475.0,,,,,121.59871660528506,24.980102354202145
357,3,Forest/Vegetation,1212,1014,354375.0,2777005.0,,,,,121.55578382643252,25.101856839211393
451,3,Forest/Vegetation,434,948,353715.0,2784785.0,,,,,121.54840969497104,25.17203093085328
175,2,Built-up,1778,1087,355105.0,2771345.0,,,,,121.5636180929382,25.050827835985096
32,1,Water,2149,734,351575.0,2767635.0,,,,,121.5290328099559,25.016991245381163
114,2,Built-up,1530,685,351085.0,2773825.0,,,,,121.52350873084576,25.072826614781675
24,1,Water,1190,177,346005.0,2777225.0,,,,,121.47277346975986,25.103011531109185
174,2,Built-up,1652,708,351315.0,2772605.0,,,,,121.52592043164687,25.0618351081675
406,3,Forest/Vegetation,780,805,352285.0,2781325.0,,,,,121.53459668016531,25.140654450529315
67,1,Water,1058,312,347355.0,2778545.0,,,,,121.48601144082684,25.11506546751004
58,1,Water,1787,614,350375.0,2771255.0,,,,,121.5167503532624,25.049554531229038
378,3,Forest/Vegetation,953,1183,356065.0,2779595.0,,,,,121.57226839789767,25.125401958077067
223,3,Forest/Vegetation,1010,1128,355515.0,2779025.0,,,,,121.56687417913835,25.120203289829913
18,1,Water,2212,360,347835.0,2767005.0,,,,,121.49204699210503,25.01093236822965
301,3,Forest/Vegetation,2259,1091,355145.0,2766535.0,,,,,121.56451993292208,25.007405985130216
256,3,Forest/Vegetation,1921,1695,361185.0,2769915.0,,,,,121.62402081257535,25.0384877735417
417,3,Forest/Vegetation,846,1481,359045.0,2780665.0,,,,,121.60171082842685,25.135343936716684
579,5,Swamp,1989,591,350145.0,2769235.0,,,,,121.51469064829551,25.03129519996915
191,2,Built-up,1427,989,354125.0,2774855.0,,,,,121.55353337809471,25.082422286934246
321,3,Forest/Vegetation,2638,1169,355925.0,2762745.0,,,,,121.57264292352596,24.973263171125687
532,5,Swamp,2015,820,352435.0,2768975.0,,,,,121.53741026351722,25.02917298040685
273,3,Forest/Vegetation,2004,1218,356415.0,2769085.0,,,,,121.57683682084651,25.030549007289046
95,2,Built-up,1815,968,353915.0,2770975.0,,,,,121.5518635239492,25.047372890982466
181,2,Built-up,2541,1090,355135.0,2763715.0,,,,,121.56471664333674,24.981945358525312
334,3,Forest/Vegetation,1154,353,347765.0,2777585.0,,,,,121.49018332621472,25.10644023853561
437,3,Forest/Vegetation,1109,1233,356565.0,2778035.0,,,,,121.57738991566536,25.111365729291997
581,5,Swamp,2618,1052,354755.0,2762945.0,,,,,121.56103354594262,24.974957249202234
6,1,Water,2029,1155,355785.0,2768835.0,,,,,121.57062016896687,25.02823203017993
46,1,Water,1450,622,350455.0,2774625.0,,,,,121.51717693249726,25.079986727722158
536,5,Swamp,984,543,349665.0,2779285.0,,,,,121.50883560196944,25.12197827015938
518,4,Plantation,1564,1250,356735.0,2773485.0,,,,,121.57954999998522,25.070303616066226
383,3,Forest/Vegetation,1470,1669,360925.0,2774425.0,,,,,121.6209884893077,25.079181945664256
17,1,Water,1160,161,345845.0,2777525.0,,,,,121.47115345444529,25.105703505299658
49,1,Water,1102,56,344795.0,2778105.0,,,,,121.46067736634075,25.110831855013668
585,5,Swamp,1651,531,349545.0,2772615.0,,,,,121.50837602841604,25.061750166003723
530,4,Plantation,2351,1229,356525.0,2765615.0,,,,,121.57828769701432,24.999231308213588
4,1,Water,1592,1393,358165.0,2773205.0,,,,,121.59375370700661,25.06791067278968
329,3,Forest/Vegetation,857,842,352655.0,2780555.0,,,,,121.53834908711728,25.133739169069873
443,3,Forest/Vegetation,1239,889,353125.0,2776735.0,,,,,121.54341914687365,25.099298050860074
366,3,Forest/Vegetation,2027,1849,362725.0,2768855.0,,,,,121.63938795386338,25.029058132379582
438,3,Forest/Vegetation,1257,1082,355055.0,2776555.0,,,,,121.56257344669834,25.09785969486724
507,4,Plantation,730,335,347585.0,2781825.0,,,,,121.48792745058574,25.144699848789468
226,3,Forest/Vegetation,1260,1514,359375.0,2776525.0,,,,,121.60540799149065,25.09799778421838
27,1,Water,1543,534,349575.0,2773695.0,,,,,121.50855529213767,25.071503326395252
429,3,Forest/Vegetation,298,1080,355035.0,2786145.0,,,,,121.56136066002891,25.184436897660134
264,3,Forest/Vegetation,2620,1432,358555.0,2762925.0,,,,,121.5986738278344,24.975135798157506
51,1,Water,1822,463,348865.0,2770905.0,,,,,121.50182397843295,25.046244546168072
230,3,Forest/Vegetation,1093,1269,356925.0,2778195.0,,,,,121.58094290497061,25.112844448000093
38,1,Water,1457,1514,359375.0,2774555.0,,,,,121.60560959204008,25.0802120387191
158,2,Built-up,1881,1253,356765.0,2770315.0,,,,,121.58017720973403,25.041686946121963
238,3,Forest/Vegetation,831,1355,357785.0,2780815.0,,,,,121.58919890651833,25.136579692498447
580,5,Swamp,918,739,351625.0,2779945.0,,,,,121.52820023244763,25.128130997106645
176,2,Built-up,1907,909,353325.0,2770055.0,,,,,121.5461143101224,25.03900989675055
504,4,Plantation,2240,1345,357685.0,2766725.0,,,,,121.58966509325622,25.009362165593917
351,3,Forest/Vegetation,751,707,351305.0,2781615.0,,,,,121.52484568101553,25.14317607141928
195,2,Built-up,1901,1603,360265.0,2770115.0,,,,,121.61488328738241,25.040208732923453
553,5,Swamp,2074,570,349935.0,2768385.0,,,,,121.51270227222169,25.0236005834579
584,5,Swamp,2142,808,352315.0,2767705.0,,,,,121.5363571994154,25.017695581040194
516,4,Plantation,1204,898,353215.0,2777085.0,,,,,121.54427405313356,25.102466626797174
68,1,Water,1630,1149,355725.0,2772825.0,,,,,121.56960767612964,25.064248868543924
322,3,Forest/Vegetation,345,855,352785.0,2785675.0,,,,,121.5390878518706,25.179975006266627
169,2,Built-up,1974,1557,359805.0,2769385.0,,,,,121.61039888369697,25.033575443148283
454,3,Forest/Vegetation,2027,1511,359345.0,2768855.0,,,,,121.60589454662295,25.02874770768975
163,2,Built-up,2175,714,351375.0,2767375.0,,,,,121.52707923477946,25.014624324839193
310,3,Forest/Vegetation,559,793,352165.0,2783535.0,,,,,121.53316799458078,25.16059441203182
194,2,Built-up,1191,571,349945.0,2777215.0,,,,,121.51183848466329,25.103318437917796
153,2,Built-up,1986,503,349265.0,2769265.0,,,,,121.50596745435895,25.03147862205314
330,3,Forest/Vegetation,467,511,349345.0,2784455.0,,,,,121.50509388954498,25.168620185531026
439,3,Forest/Vegetation,484,897,353205.0,2784285.0,,,,,121.54340388316237,25.167467241233087
491,4,Plantation,1482,1308,357315.0,2774305.0,,,,,121.58521414716633,25.077761678076467
336,3,Forest/Vegetation,1358,1043,354665.0,2775545.0,,,,,121.55881360597274,25.088703778456665
104,2,Built-up,1772,888,353115.0,2771405.0,,,,,121.54388929769293,25.051177462657172
395,3,Forest/Vegetation,2160,785,352085.0,2767525.0,,,,,121.53409765612865,25.01604806788931
75,1,Water,1080,387,348105.0,2778325.0,,,,,121.49347252729697,25.11315511663725
427,3,Forest/Vegetation,2526,1322,357455.0,2763865.0,,,,,121.58768155454145,24.983519482086642
583,5,Swamp,973,606,350295.0,2779395.0,,,,,121.5150708704614,25.12303406425307
120,2,Built-up,1245,738,351615.0,2776675.0,,,,,121.52845461853613,25.098608576803215
391,3,Forest/Vegetation,470,1037,354605.0,2784425.0,,,,,121.55727722738861,25.16886718676434
587,5,Swamp,1156,167,345905.0,2777565.0,,,,,121.4717438534357,25.106070747493767
487,4,Plantation,2257,1372,357955.0,2766555.0,,,,,121.59235763984847,25.007852695386987
208,2,Built-up,1464,1377,358005.0,2774485.0,,,,,121.59203558298297,25.07945181773914
337,3,Forest/Vegetation,2126,1221,356445.0,2767865.0,,,,,121.57726111071953,25.019537370901052
356,3,Forest/Vegetation,2048,1187,356105.0,2768645.0,,,,,121.57381088700703,25.026547127469406
524,4,Plantation,725,470,348935.0,2781875.0,,,,,121.5013113269064,25.14528733152409
409,3,Forest/Vegetation,2501,1440,358635.0,2764115.0,,,,,121.59934450895172,24.98588705878917
9,1,Water,1739,1500,359235.0,2771735.0,,,,,121.60451026229893,25.054739130684236
381,3,Forest/Vegetation,1292,955,353785.0,2776205.0,,,,,121.55001922118257,25.094577298997784
37,1,Water,1538,1494,359175.0,2773745.0,,,,,121.60370987726594,25.072880467170748
140,2,Built-up,1881,811,352345.0,2770315.0,,,,,121.53637489130885,25.04126184112123
254,3,Forest/Vegetation,1112,1204,356275.0,2778005.0,,,,,121.57451749543051,25.11106726355439
304,3,Forest/Vegetation,712,1147,355705.0,2782005.0,,,,,121.5684446344914,25.14712523049436
394,3,Forest/Vegetation,922,1418,358415.0,2779905.0,,,,,121.59554112386557,25.128423396066704
60,1,Water,1489,871,352945.0,2774235.0,,,,,121.5419020332992,25.07671039382307
112,2,Built-up,1601,949,353725.0,2773115.0,,,,,121.549753132721,25.066674691557353
556,5,Swamp,1194,493,349165.0,2777185.0,,,,,121.5041082531204,25.102969787615407
358,3,Forest/Vegetation,542,1350,357735.0,2783705.0,,,,,121.58840284813724,25.162666345314395
263,3,Forest/Vegetation,1246,1068,354915.0,2776665.0,,,,,121.56117378593656,25.098839327838785
498,4,Plantation,1166,547,349705.0,2777465.0,,,,,121.50943156961543,25.105551511976728
298,3,Forest/Vegetation,454,709,351325.0,2784585.0,,,,,121.5247215519885,25.169990896229713
151,2,Built-up,1610,868,352915.0,2773025.0,,,,,121.54173403790189,25.06578351016908
267,3,Forest/Vegetation,2416,1278,357015.0,2764965.0,,,,,121.58320929588875,24.993409218943896
523,4,Plantation,738,1067,354905.0,2781745.0,,,,,121.56053731835496,25.144701024736968
535,5,Swamp,1083,721,351445.0,2778295.0,,,,,121.52659386921788,25.113217145837048
39,1,Water,1090,748,351715.0,2778225.0,,,,,121.52927866339408,25.11261177335862
604,5,Swamp,976,211,346345.0,2779365.0,,,,,121.47590485092407,25.122365588711606
308,3,Forest/Vegetation,208,1227,356505.0,2787045.0,,,,,121.575850945526,25.19270326278998
199,2,Built-up,1694,971,353945.0,2772185.0,,,,,121.55203248226427,25.058299828648504
470,4,Plantation,1101,338,347615.0,2778115.0,,,,,121.48863725021208,25.111209822897138
424,3,Forest/Vegetation,1353,1382,358055.0,2775595.0,,,,,121.59241661481629,25.089477879997016
147,2,Built-up,1183,690,351135.0,2777295.0,,,,,121.52362845920565,25.104158614125488
574,5,Swamp,1371,1369,357925.0,2775415.0,,,,,121.59114640018227,25.087840561948042
537,5,Swamp,1875,1559,359825.0,2770375.0,,,,,121.61049636394287,25.04251539135133
148,2,Built-up,2374,959,353825.0,2765385.0,,,,,121.55156407612607,24.996896746685685
425,3,Forest/Vegetation,1518,1444,358675.0,2773945.0,,,,,121.59873295720166,25.07463941433216
349,3,Forest/Vegetation,2138,1645,360685.0,2767745.0,,,,,121.61928507307097,25.01885012167198
326,3,Forest/Vegetation,592,801,352245.0,2783205.0,,,,,121.53399717174894,25.15762305611103
396,3,Forest/Vegetation,2215,1050,354735.0,2766975.0,,,,,121.56041162200525,25.01133913316207
124,2,Built-up,1961,495,349185.0,2769515.0,,,,,121.50514738113235,25.033727640924532
508,4,Plantation,2503,1162,355855.0,2764095.0,,,,,121.57180882114466,24.985444725196285
97,2,Built-up,1604,605,350285.0,2773085.0,,,,,121.51565936834297,25.066066820919307
144,2,Built-up,1660,569,349925.0,2772525.0,,,,,121.51215219191539,25.060975442649806
240,3,Forest/Vegetation,502,637,350605.0,2784105.0,,,,,121.51763139468719,25.165586157040444
474,4,Plantation,2356,1061,354845.0,2765565.0,,,,,121.56164972981665,24.998619880490825
98,2,Built-up,2419,1119,355425.0,2764935.0,,,,,121.56746151854887,24.99298752838523
325,3,Forest/Vegetation,796,1176,355995.0,2781165.0,,,,,121.5714093095071,25.139569403958905
280,3,Forest/Vegetation,950,664,350875.0,2779625.0,,,,,121.52079738735425,25.12516800264487
294,3,Forest/Vegetation,2647,1026,354495.0,2762655.0,,,,,121.55848884218629,24.97231413698802
483,4,Plantation,1283,526,349495.0,2776295.0,,,,,121.50747764541728,25.09496793208441
123,2,Built-up,1768,732,351555.0,2771445.0,,,,,121.52842428834165,25.051386191349035
184,2,Built-up,1130,1050,354735.0,2777825.0,,,,,121.55926642588227,25.10929459686958
203,2,Built-up,1889,899,353225.0,2770235.0,,,,,121.5451041578535,25.040625256948815
324,3,Forest/Vegetation,1054,935,353585.0,2778585.0,,,,,121.54778256674422,25.116044663186827
247,3,Forest/Vegetation,1298,1665,360885.0,2776145.0,,,,,121.62041784906272,25.094707034751213
423,3,Forest/Vegetation,686,1316,357395.0,2782265.0,,,,,121.58518004923401,25.149633628932964
422,3,Forest/Vegetation,2034,1512,359355.0,2768785.0,,,,,121.6060007799644,25.028116651134507
484,4,Plantation,854,1065,354885.0,2780585.0,,,,,121.56046177968821,25.134226547916764
415,3,Forest/Vegetation,304,833,352565.0,2786085.0,,,,,121.5368610007571,25.183654883569673
534,5,Swamp,1164,235,346585.0,2777485.0,,,,,121.47849489431503,25.105417864988084
479,4,Plantation,1419,1177,356005.0,2774935.0,,,,,121.57216209299747,25.083325056312503
126,2,Built-up,1407,639,350625.0,2775055.0,,,,,121.51881541018518,25.083885581926268
489,4,Plantation,2325,769,351925.0,2765875.0,,,,,121.53268942659199,25.001136051682654
569,5,Swamp,2319,893,353165.0,2765935.0,,,,,121.54496736339142,25.001798428688968
224,3,Forest/Vegetation,717,864,352875.0,2781955.0,,,,,121.54038061148627,25.146399848235298
343,3,Forest/Vegetation,2732,1422,358455.0,2761805.0,,,,,121.5977979717273,24.965014648503637
54,1,Water,1870,881,353045.0,2770425.0,,,,,121.54330010967547,25.04232311761836
220,3,Forest/Vegetation,2539,1327,357505.0,2763735.0,,,,,121.58819023377704,24.982350495249584
130,2,Built-up,999,759,351825.0,2779135.0,,,,,121.53027111427855,25.12083803931461
548,5,Swamp,1551,1161,355845.0,2773615.0,,,,,121.57071432617636,25.071392592232236
482,4,Plantation,1507,1027,354505.0,2774055.0,,,,,121.55738509193522,25.075236466012583
453,3,Forest/Vegetation,927,1128,355515.0,2779855.0,,,,,121.56678674727512,25.127696615902035
550,5,Swamp,1431,859,352825.0,2774815.0,,,,,121.54065041338323,25.081934972426115
400,3,Forest/Vegetation,2109,1364,357875.0,2768035.0,,,,,121.59141258106509,25.02120712394102
514,4,Plantation,844,212,346355.0,2780685.0,,,,,121.47585611772533,25.134283208078816
463,4,Plantation,2465,1414,358375.0,2764475.0,,,,,121.59673211618795,24.989113012032135
387,3,Forest/Vegetation,543,929,353525.0,2783695.0,,,,,121.54664146846861,25.162171942990483
586,5,Swamp,1703,1555,359785.0,2772095.0,,,,,121.60992481142688,25.058040465077504
295,3,Forest/Vegetation,2193,956,353795.0,2767195.0,,,,,121.55107517441783,25.013234868817822
512,4,Plantation,1021,1073,354965.0,2778915.0,,,,,121.56143179304773,25.119157363612114
598,5,Swamp,2155,926,353495.0,2767575.0,,,,,121.54806250620909,25.016636573624535
420,3,Forest/Vegetation,662,777,352005.0,2782505.0,,,,,121.53169219702576,25.15127991641433
113,2,Built-up,1575,1603,360265.0,2773375.0,,,,,121.6145523911749,25.06964123258173
180,2,Built-up,1643,1026,354495.0,2772695.0,,,,,121.55742981445859,25.062957241796656
426,3,Forest/Vegetation,778,1290,357135.0,2781345.0,,,,,121.58269708360574,25.141303079489642
466,4,Plantation,1090,285,347085.0,2778225.0,,,,,121.48336987801765,25.112149211053858
555,5,Swamp,1943,310,347335.0,2769695.0,,,,,121.48679557305651,25.035167099866978
374,3,Forest/Vegetation,1285,1544,359675.0,2776275.0,,,,,121.60840796733544,25.095768648623977
315,3,Forest/Vegetation,756,1053,354765.0,2781565.0,,,,,121.55916782894428,25.143062474034238
152,2,Built-up,1179,764,351875.0,2777335.0,,,,,121.53096119874427,25.104592603550152
497,4,Plantation,1476,756,351795.0,2774365.0,,,,,121.53048834845474,25.077771591415132
234,3,Forest/Vegetation,1041,1193,356165.0,2778715.0,,,,,121.57335235248193,25.11746675247821
307,3,Forest/Vegetation,2169,1347,357705.0,2767435.0,,,,,121.58979002512031,25.01577415878786
432,3,Forest/Vegetation,2525,1409,358325.0,2763875.0,,,,,121.59629833672791,24.98369130796814
165,2,Built-up,1973,1081,355045.0,2769395.0,,,,,121.56322862313479,25.033217115658342
318,3,Forest/Vegetation,501,610,350335.0,2784115.0,,,,,121.51495194252465,25.165649588107087
137,2,Built-up,1658,1106,355295.0,2772545.0,,,,,121.56537500421271,25.06167985305831
411,3,Forest/Vegetation,2465,1241,356645.0,2764475.0,,,,,121.5795948266047,24.988950391496658
198,2,Built-up,1643,1110,355335.0,2772695.0,,,,,121.56575570300801,25.063037909732316
481,4,Plantation,694,392,348155.0,2782185.0,,,,,121.493540835266,25.14800745780135
259,3,Forest/Vegetation,1402,758,351815.0,2775105.0,,,,,121.53060684122613,25.084454282484277
233,3,Forest/Vegetation,873,1492,359155.0,2780395.0,,,,,121.6028295246768,25.132916606767502
116,2,Built-up,1642,1118,355415.0,2772705.0,,,,,121.56654759595199,25.063135849824345
121,2,Built-up,1692,1283,357065.0,2772205.0,,,,,121.5829540725405,25.05877873781651
480,4,Plantation,2344,1017,354405.0,2765685.0,,,,,121.55727817701876,24.999661050986436
377,3,Forest/Vegetation,644,983,354065.0,2782685.0,,,,,121.55210577195794,25.153106152331524
385,3,Forest/Vegetation,2025,1813,362365.0,2768875.0,,,,,121.63581858551042,25.029205998053687
225,3,Forest/Vegetation,2288,1194,356175.0,2766245.0,,,,,121.5747547160724,25.004885943492617
573,5,Swamp,1804,748,351715.0,2771085.0,,,,,121.53004876473352,25.0481517989895
488,4,Plantation,957,996,354195.0,2779555.0,,,,,121.55372823402122,25.124861013431214
348,3,Forest/Vegetation,566,598,350215.0,2783465.0,,,,,121.51383269003335,25.159769542663042
128,2,Built-up,1845,474,348975.0,2770675.0,,,,,121.50293931406162,25.044179111448845
596,5,Swamp,1827,1310,357335.0,2770855.0,,,,,121.585770069432,25.04661609651863
286,3,Forest/Vegetation,763,621,350445.0,2781495.0,,,,,121.5163292537438,25.142007530218688
558,5,Swamp,1919,1627,360505.0,2769935.0,,,,,121.61727995292173,25.038605776855686
44,1,Water,2096,524,349475.0,2768165.0,,,,,121.50816843135874,25.02156874633067
108,2,Built-up,1117,262,346855.0,2777955.0,,,,,121.48111946653539,25.109688364542823
510,4,Plantation,730,696,351195.0,2781825.0,,,,,121.52373188608838,25.145061061894275
450,3,Forest/Vegetation,525,741,351645.0,2783875.0,,,,,121.52797300200105,25.163612700053264
134,2,Built-up,1749,562,349855.0,2771635.0,,,,,121.51155546950187,25.052933602146243
441,3,Forest/Vegetation,294,1063,354865.0,2786185.0,,,,,121.55966974700925,25.184781606120687
501,4,Plantation,1170,349,347725.0,2777425.0,,,,,121.48980447357069,25.104991749481563
45,1,Water,1805,818,352415.0,2771075.0,,,,,121.53698715640873,25.04813001556123
170,2,Built-up,1697,1645,360685.0,2772155.0,,,,,121.61883918099198,25.058665411409137
66,1,Water,1893,358,347815.0,2770195.0,,,,,121.49149677572579,25.039729417419213
284,3,Forest/Vegetation,585,717,351405.0,2783275.0,,,,,121.52565739531101,25.15817227023051
86,2,Built-up,2383,1009,354325.0,2765295.0,,,,,121.55652678587349,24.996132357143477
243,3,Forest/Vegetation,638,1154,355775.0,2782745.0,,,,,121.56906101408673,25.15381271958295
187,2,Built-up,2370,1031,354545.0,2765425.0,,,,,121.558692498253,24.997327159546465
327,3,Forest/Vegetation,2068,1638,360615.0,2768445.0,,,,,121.61852073170377,25.02516357804241
160,2,Built-up,1006,334,347575.0,2779065.0,,,,,121.4881351148665,25.119782183335488
13,1,Water,1524,1173,355965.0,2773885.0,,,,,121.57187554966667,25.073841652230524
36,1,Water,1993,1598,360215.0,2769195.0,,,,,121.61448109979034,25.03189798791762
29,1,Water,1442,1311,357345.0,2774705.0,,,,,121.58547003542608,25.081375805476466
171,2,Built-up,1664,693,351165.0,2772485.0,,,,,121.52444668167041,25.06073697806373
143,2,Built-up,1980,978,354015.0,2769325.0,,,,,121.55302939751769,25.032486101839158
237,3,Forest/Vegetation,331,933,353565.0,2785815.0,,,,,121.54681134469399,25.181315126138077
469,4,Plantation,1050,159,345825.0,2778625.0,,,,,121.47083160441127,25.11563196048978
502,4,Plantation,1108,776,351995.0,2778045.0,,,,,121.53207445116215,25.111014255109495
222,3,Forest/Vegetation,2080,1485,359085.0,2768325.0,,,,,121.60337232096305,25.02393848288524
549,5,Swamp,1810,1578,360015.0,2771025.0,,,,,121.61231326769203,25.048401436841086
96,2,Built-up,1653,1418,358415.0,2772595.0,,,,,121.59629455520246,25.062426870796276
52,1,Water,1655,1572,359955.0,2772575.0,,,,,121.61156093803099,25.06238984054679
241,3,Forest/Vegetation,374,999,354225.0,2785385.0,,,,,121.55340522147392,25.177497263566497
513,4,Plantation,744,1047,354705.0,2781685.0,,,,,121.55856001105823,25.144140049588124
352,3,Forest/Vegetation,2663,1311,357345.0,2762495.0,,,,,121.58673332263521,24.971140283689536
525,4,Plantation,1381,1159,355825.0,2775315.0,,,,,121.5703378119605,25.08673857633209
179,2,Built-up,1499,1302,357255.0,2774135.0,,,,,121.58463701123091,25.076221207132427
461,4,Plantation,1857,409,348325.0,2770555.0,,,,,121.49651103936564,25.043030701021067
531,5,Swamp,2344,1352,357755.0,2765685.0,,,,,121.590465792823,24.99997926704612
42,1,Water,1453,503,349265.0,2774595.0,,,,,121.50538385700007,25.079597539910367
559,5,Swamp,1831,797,352205.0,2770815.0,,,,,121.53493385949088,25.045762202349966
527,4,Plantation,1119,494,349175.0,2777935.0,,,,,121.50412500791373,25.109741691421817
207,2,Built-up,1645,1364,357875.0,2772675.0,,,,,121.59093388710005,25.063098430154394
393,3,Forest/Vegetation,2650,1279,357025.0,2762625.0,,,,,121.58355044145365,24.972283845599243
283,3,Forest/Vegetation,923,1485,359085.0,2779895.0,,,,,121.60218668107277,25.12839594165844
359,3,Forest/Vegetation,903,973,353965.0,2780095.0,,,,,121.55138988541866,25.129713877103843
398,3,Forest/Vegetation,2169,1205,356285.0,2767435.0,,,,,121.57572057457341,25.015640033790007
255,3,Forest/Vegetation,632,621,350445.0,2782805.0,,,,,121.51618623509994,25.15383404084029
218,3,Forest/Vegetation,421,964,353875.0,2784915.0,,,,,121.54998309196023,25.173220128354295
5,1,Water,1970,1037,354605.0,2769425.0,,,,,121.55886533391286,25.03344573736233
257,3,Forest/Vegetation,1179,1434,358575.0,2777335.0,,,,,121.59739276545506,25.10523587164508
568,5,Swamp,1448,1702,361255.0,2774645.0,,,,,121.62423768812023,25.0811985540824
538,5,Swamp,1590,1469,358925.0,2773225.0,,,,,121.60128502314542,25.0681624146734
431,3,Forest/Vegetation,649,339,347625.0,2782635.0,,,,,121.48823407150542,25.15201637958478
101,2,Built-up,1793,1213,356365.0,2771195.0,,,,,121.57612139006775,25.049593853740138
227,3,Forest/Vegetation,1500,1524,359475.0,2774125.0,,,,,121.60664487439817,25.076339175575185
449,3,Forest/Vegetation,1047,1112,355355.0,2778655.0,,,,,121.56532656249976,25.11684754128634
552,5,Swamp,1041,288,347115.0,2778715.0,,,,,121.4836127513375,25.116575864364176
577,5,Swamp,1990,1240,356635.0,2769225.0,,,,,121.57900229185715,25.031833826569844
214,3,Forest/Vegetation,1376,1735,361585.0,2775365.0,,,,,121.62743664141672,25.087729288103866
360,3,Forest/Vegetation,2518,1295,357185.0,2763945.0,,,,,121.58499880275255,24.984216342180986
172,2,Built-up,1108,858,352815.0,2778045.0,,,,,121.540205186913,25.111094538722035
99,2,Built-up,1443,1255,356785.0,2774695.0,,,,,121.57991960637996,25.08123249739742
293,3,Forest/Vegetation,430,1107,355305.0,2784825.0,,,,,121.56417914380823,25.1725459287348
216,3,Forest/Vegetation,2056,1524,359475.0,2768565.0,,,,,121.60721230262358,25.02614155678498
62,1,Water,1938,691,351145.0,2769745.0,,,,,121.52454460953942,25.035998219091905
407,3,Forest/Vegetation,1169,1080,355035.0,2777435.0,,,,,121.56228225835176,25.105802512127266
48,1,Water,1292,556,349795.0,2776205.0,,,,,121.51046171983143,25.09418531937584
33,1,Water,1510,1554,359775.0,2774025.0,,,,,121.60962898566945,25.075464234537893
418,3,Forest/Vegetation,924,599,350225.0,2779885.0,,,,,121.51432321309522,25.127450773786524
268,3,Forest/Vegetation,1280,1474,358975.0,2776325.0,,,,,121.60146261784297,25.096154784957843
328,3,Forest/Vegetation,440,823,352465.0,2784725.0,,,,,121.53601556529844,25.17136710388869
201,2,Built-up,1404,537,349605.0,2775085.0,,,,,121.50870062581181,25.084055130440788
135,2,Built-up,1775,1049,354725.0,2771375.0,,,,,121.559848826746,25.051062208439582
28,1,Water,1084,237,346605.0,2778285.0,,,,,121.47860379547802,25.112642109188236
529,4,Plantation,1862,604,350275.0,2770505.0,,,,,121.51584083298019,25.042773635765386
506,4,Plantation,1368,1194,356175.0,2775445.0,,,,,121.57379401262182,25.08794563545924
231,3,Forest/Vegetation,1070,233,346565.0,2778425.0,,,,,121.47819152778612,25.11390192393428
490,4,Plantation,1096,934,353575.0,2778165.0,,,,,121.54772821985311,25.112251915145396
379,3,Forest/Vegetation,2085,1908,363315.0,2768275.0,,,,,121.64529199185786,25.023875001514707
289,3,Forest/Vegetation,993,1347,357705.0,2779195.0,,,,,121.58857359297289,25.12194647909714
419,3,Forest/Vegetation,1187,1496,359195.0,2777255.0,,,,,121.60354848296107,25.10457163287535
392,3,Forest/Vegetation,2068,1409,358325.0,2768445.0,,,,,121.59582930868116,25.02495093001112
499,4,Plantation,2150,359,347825.0,2767625.0,,,,,121.49187953879218,25.016528682003983
139,2,Built-up,2509,1072,354955.0,2764035.0,,,,,121.56290010855349,24.984817194281273
63,1,Water,1528,981,354045.0,2773845.0,,,,,121.55284752447905,25.073296168573453
472,4,Plantation,1406,840,352635.0,2775065.0,,,,,121.53874010456929,25.084173445826448
129,2,Built-up,1062,638,350615.0,2778505.0,,,,,121.5183410275151,25.115030981812428
589,5,Swamp,1497,1688,361115.0,2774155.0,,,,,121.62289929514102,25.076761775406435
521,4,Plantation,1166,524,349475.0,2777465.0,,,,,121.50715112840454,25.105528569799116
65,1,Water,2430,1175,355985.0,2764825.0,,,,,121.57302045345595,24.99204773313502
15,1,Water,1100,767,351905.0,2778125.0,,,,,121.53117342363042,25.111727654442927
157,2,Built-up,1679,898,353215.0,2772335.0,,,,,121.54478121217429,25.05958330892977
41,1,Water,1825,1309,357325.0,2770875.0,,,,,121.58566889201843,25.046795718301816
493,4,Plantation,790,1222,356455.0,2781225.0,,,,,121.57596530476283,25.14015501974432
380,3,Forest/Vegetation,196,1058,354815.0,2787165.0,,,,,121.55906957207638,25.193624209147625
188,2,Built-up,2060,671,350945.0,2768525.0,,,,,121.52269463885422,25.024964316100156
217,3,Forest/Vegetation,486,1114,355375.0,2784265.0,,,,,121.56493278052533,25.167496962312025
53,1,Water,2029,926,353495.0,2768835.0,,,,,121.54792865370042,25.028012045358558
338,3,Forest/Vegetation,318,948,353715.0,2785945.0,,,,,121.54828562605536,25.182503370337677
296,3,Forest/Vegetation,2670,1310,357335.0,2762425.0,,,,,121.58664149898931,24.970507357596276
252,3,Forest/Vegetation,729,1237,356605.0,2781835.0,,,,,121.5773891762908,25.1456764689188
462,4,Plantation,1796,494,349175.0,2771165.0,,,,,121.5048676573484,25.048622768146675
456,4,Plantation,1086,462,348855.0,2778265.0,,,,,121.50091578144178,25.112688835071143
603,5,Swamp,1026,226,346495.0,2778865.0,,,,,121.4774482223972,25.117867006237223
270,3,Forest/Vegetation,1498,1459,358825.0,2774145.0,,,,,121.60019935592796,25.076459104729384
202,2,Built-up,1021,344,347675.0,2778915.0,,,,,121.48914337071588,25.11843812594038
162,2,Built-up,1691,646,350695.0,2772215.0,,,,,121.51981760611214,25.05825304988184
402,3,Forest/Vegetation,642,1187,356105.0,2782705.0,,,,,121.57233853248059,25.153483192752763
477,4,Plantation,409,1025,354485.0,2785035.0,,,,,121.55602191212144,25.174362659646523
106,2,Built-up,2131,771,351945.0,2767815.0,,,,,121.53267942882256,25.01865253174008
390,3,Forest/Vegetation,2086,517,349405.0,2768265.0,,,,,121.50746393762583,25.02246458227524
2,1,Water,1597,676,350995.0,2773155.0,,,,,121.52268918951937,25.066768982478965
572,5,Swamp,571,929,353525.0,2783415.0,,,,,121.54667142881013,25.159644109086493
81,2,Built-up,1400,1042,354655.0,2775125.0,,,,,121.55875888518123,25.08491100627851
206,2,Built-up,1953,374,347975.0,2769595.0,,,,,121.4931485026122,25.03432876297919
35,1,Water,1915,998,354215.0,2769975.0,,,,,121.55494249493371,25.03837369440209
509,4,Plantation,1412,605,350285.0,2775005.0,,,,,121.5154503492243,25.083400498148997
428,3,Forest/Vegetation,1988,1789,362125.0,2769245.0,,,,,121.6334033295896,25.03252468319701
455,3,Forest/Vegetation,2082,1455,358785.0,2768305.0,,,,,121.60040172756135,25.023729953343604
367,3,Forest/Vegetation,892,1499,359225.0,2780205.0,,,,,121.60354326501863,25.131207786674764
92,2,Built-up,1902,474,348975.0,2770105.0,,,,,121.50300179840188,25.039033182623356
340,3,Forest/Vegetation,2565,1060,354835.0,2763475.0,,,,,121.56177026844881,24.979749886342397
346,3,Forest/Vegetation,2258,1150,355735.0,2766545.0,,,,,121.57036421463616,25.007552580339702
242,3,Forest/Vegetation,2620,1343,357665.0,2762925.0,,,,,121.58985850481717,24.975052542756217
14,1,Water,1195,112,345355.0,2777175.0,,,,,121.46633462513893,25.102493631529104
316,3,Forest/Vegetation,528,1320,357435.0,2783845.0,,,,,121.58541228960061,25.163901875623733
388,3,Forest/Vegetation,1375,1315,357385.0,2775375.0,,,,,121.58579705255467,25.087428496908363
274,3,Forest/Vegetation,1345,1470,358935.0,2775675.0,,,,,121.60113277402753,25.090282666073442
167,2,Built-up,1946,942,353655.0,2769665.0,,,,,121.54942595733165,25.03552088966377
600,5,Swamp,1400,511,349345.0,2775125.0,,,,,121.50611880312124,25.08439031748773
485,4,Plantation,1148,157,345805.0,2777645.0,,,,,121.47074338513002,25.10678274333173
591,5,Swamp,2147,672,350955.0,2767655.0,,,,,121.52288774154982,25.017110895789184
505,4,Plantation,893,147,345705.0,2780195.0,,,,,121.46946513620331,25.129793180639474
244,3,Forest/Vegetation,865,819,352425.0,2780475.0,,,,,121.5360767045622,25.132994410472687
567,5,Swamp,915,1218,356415.0,2779975.0,,,,,121.57569951109419,25.12886604835042
563,5,Swamp,1897,544,349675.0,2770155.0,,,,,121.50993306546013,25.039554318189907
190,2,Built-up,1868,487,349105.0,2770445.0,,,,,121.50425280758274,25.04211566185748
476,4,Plantation,2456,1157,355805.0,2764565.0,,,,,121.57126449108397,24.989683265476405
511,4,Plantation,1576,735,351585.0,2773365.0,,,,,121.52851456709448,25.06872295110442
59,1,Water,1880,853,352765.0,2770325.0,,,,,121.54053599078998,25.041393071616554
475,4,Plantation,773,1056,354795.0,2781395.0,,,,,121.5594833900866,25.141530599312734
561,5,Swamp,2355,1222,356455.0,2765575.0,,,,,121.57759838480227,24.99886354611801
253,3,Forest/Vegetation,1303,1050,354735.0,2776095.0,,,,,121.55944942674462,25.093675981492233
22,1,Water,1798,1122,355455.0,2771145.0,,,,,121.56710787014028,25.049055705687874
314,3,Forest/Vegetation,566,540,349635.0,2783465.0,,,,,121.50807946657876,25.159711675655206
460,4,Plantation,702,642,350655.0,2782105.0,,,,,121.51834553081473,25.147535386902305
161,2,Built-up,1523,630,350535.0,2773895.0,,,,,121.51804931459026,25.073404236315827
277,3,Forest/Vegetation,2187,1286,357095.0,2767255.0,,,,,121.58376473849103,25.01409161021306
192,2,Built-up,1129,553,349765.0,2777835.0,,,,,121.50998597784123,25.108897812118837
386,3,Forest/Vegetation,556,830,352535.0,2783565.0,,,,,121.53683498866081,25.160901570504368
414,3,Forest/Vegetation,1147,1289,357125.0,2777655.0,,,,,121.5829822893899,25.1079881990128
492,4,Plantation,579,772,351955.0,2783335.0,,,,,121.53110652474692,25.15876817397301
344,3,Forest/Vegetation,185,1089,355125.0,2787275.0,,,,,121.56213382757046,25.19464722443949
309,3,Forest/Vegetation,1131,1373,357965.0,2777815.0,,,,,121.5912947625432,25.109512081704988
131,2,Built-up,2207,915,353385.0,2767055.0,,,,,121.54702788624537,25.011931282886575
100,2,Built-up,1798,1188,356115.0,2771145.0,,,,,121.57364892656669,25.049118667998385
373,3,Forest/Vegetation,491,653,350765.0,2784215.0,,,,,121.51920657679045,25.16659510841404
88,2,Built-up,1683,1230,356535.0,2772295.0,,,,,121.57769159018345,25.059541051194834
459,4,Plantation,962,81,345045.0,2779505.0,,,,,121.46299805964578,25.123496332985518
331,3,Forest/Vegetation,790,264,346875.0,2781225.0,,,,,121.48095270910352,25.139211150258884
215,3,Forest/Vegetation,663,317,347405.0,2782495.0,,,,,121.48606757367646,25.150730201672868
467,4,Plantation,1352,1106,355295.0,2775605.0,,,,,121.56505301055216,25.08930601118677
122,2,Built-up,1168,714,351375.0,2777445.0,,,,,121.52599180444905,25.10553648185347
21,1,Water,1522,1042,354655.0,2773905.0,,,,,121.55888785632332,25.073896692431408
72,1,Water,1169,126,345495.0,2777435.0,,,,,121.46769340376298,25.10485518869916
107,2,Built-up,1080,579,350025.0,2778325.0,,,,,121.51251040184496,25.113347369240355
271,3,Forest/Vegetation,660,595,350185.0,2782525.0,,,,,121.51363795328417,25.15128037557055
436,3,Forest/Vegetation,2384,753,351765.0,2765285.0,,,,,121.5311676948447,24.9957938185774
103,2,Built-up,1692,673,350965.0,2772205.0,,,,,121.52249471624508,25.058189422886937
